Organization,Account Name
Caesars,UrV - CAC
Caesars,UrV - UBC
Caesars,UrV - FLV
Caesars,UrV - CLV
Caesars,UrV - CHE
Caesars,UrV - UHA
Caesars,UrV - GBI
Caesars,UrV - LAU
Caesars,UrV - CVR
Caesars,UrV - HLV
Caesars,UrV - BLV
Caesars,UrV - TAH
Caesars,UrV - ILC
Caesars,UrV - NOR
Caesars,UrV - PLV
Caesars,UrV - RIN
Caesars,UrV - PHV
Caesars,UrV - ILV
Caesars,UrV - DLV
Caesars,UrV - TRW
Caesars,UrV - TLA
Caesars,UrV - TAC
Caesars,UrV - UTU
Caesars,UrV - AKC
Caesars,UrV - ATL
Caesars,UrV - CDA
Caesars,Runtriz - UBA
Caesars,Runtriz - CAC
Caesars,Runtriz - WCL
Caesars,Runtriz - CLV
Caesars,Runtriz - DLV
Caesars,Runtriz - FLV
Caesars,Runtriz - GBI
Caesars,Runtriz - ATL
Caesars,Runtriz - CHE
Caesars,Runtriz - HLV
Caesars,Runtriz - LAU
Caesars,Runtriz - MET
Caesars,Runtriz - BLV
Caesars,Runtriz - HBR
Caesars,Runtriz - ILC
Caesars,Runtriz - HHP
Caesars,Runtriz - UIN
Caesars,Runtriz - IBE
Caesars,Runtriz - TAH
Caesars,Runtriz - NKC
Caesars,Runtriz - ILV
Caesars,Runtriz - PLV
Caesars,Runtriz - NOR
Caesars,Runtriz - PHV
Caesars,Runtriz - TAC
Caesars,Runtriz - TRW
Caesars,Runtriz - UTU
Caesars,Runtriz - TLA
Caesars,Runtriz - IBV
Caesars,Runtriz - IPB
Caesars,Runtriz - IBH
Caesars,Runtriz - UEL
Caesars,Runtriz - UBC
Caesars,Runtriz - COU
Caesars,Runtriz - RIN
Caesars,Runtriz - HNE
Caesars,Runtriz - JOL
Caesars,Runtriz - CDA
Caesars,OT - CAC
Caesars,OT - CLV
Caesars,OT - DLV
Caesars,OT - FLV
Caesars,OT - ATL
Caesars,OT - BLV
Caesars,OT - HLV
Caesars,OT - PLV
Caesars,OT - ILV
Caesars,OT - RIN
Caesars,OT - PHV
Caesars,OT - TRW
Caesars,OT - TAC
Caesars,OT - UEL
Caesars,OT - TAH
Caesars,OT - NKC
Caesars,OT - CHE
Caesars,OT - IBH
Caesars,OT - LAU
Caesars,OT - TLA
Caesars,OT - ILC
Caesars,OT - NOR
Caesars,OT - GBI
Caesars,OT - AKC
Caesars,OT - MET
Caesars,OT - JOL
Caesars,OT - WCL
Caesars,OT - UHA
Caesars,OT - UIN
Caesars,OT - HHP
Caesars,OT - UBC
Caesars,OT - HBR
Caesars,OT - COU
Caesars,OT - UBA
Caesars,OT - ESD
Caesars,OT - IPB
Caesars,OT - HBV
Caesars,OT - HNE
Caesars,OT - CDA
Caesars,Dominique Ansel - Caesars Palace
Caesars,Dominique Ansel - PLV
Caesars,Squeez - CLV
Prenuvo,Atlanta
Prenuvo,Los Angeles
Prenuvo,Boca Raton
Prenuvo,Dallas
Prenuvo,Hercules Boston
Prenuvo,New York
Prenuvo,Minneapolis
Prenuvo,Chicago
Prenuvo,USA GC Account
Prenuvo,CAN GC Account
Prenuvo,Houston
Prenuvo,Bethesda
Prenuvo,Silicon Valley
Prenuvo,Vancouver
Prenuvo,Buffalo
Prenuvo,Denver
Prenuvo,Scottsdale
Prenuvo,San Diego
Prenuvo,Seattle
Prenuvo,Las Vegas
Prenuvo,Irvine
Prenuvo,Pasadena
Prenuvo,"Melbourne, Australia"
Prenuvo,AUS GC Account
Prenuvo,Philadelphia
Prenuvo,St. Petersburg
Prenuvo,Miami
Prenuvo,London
Prenuvo,USD Clearinghouse
Xero,Xero Events - CA
Xero,ukstorexero.neto.com
Xero,Xero Events - AU
Xero,Xero Events - UK
Xero,usstorexero.neto.com.au
Xero,nzstorexero.neto.com
Xero,Xero Events - US
Xero,Xero Events - SG
Xero,Xero Events - NZ
Xero,austorexero.neto.com
Xero,Hubdoc Australia
Xero,Hubdoc UK
Xero,Hubdoc New Zealand
Xero,Hubdoc
Xero,Planday A/S (DKK)
Xero,Planday Norway
Xero,Planday GmbH
Xero,Planday A/S (EUR)
Xero,Planday Australia Pty Ltd
Xero,Planday Inc
Xero,Planday A/S (SEK)
Xero,Planday Ltd
Xero,fixerofthenorth.com
Xero,LeadKill
Xero,CreativeDone
Xero,XPM & XT - UK
Xero,XPM & XT - GLB
Xero,XPM & XT - AU
Xero,XPM & XT - US
Xero,XPM & XT - NZ
Xero,Xero UK - X4X
Xero,Xero NZ - X4X
Xero,Xero US (Non Sub Rev)
Xero,Xero AU - X4X
Xero,Xero GLB - X4X
Xero,Xero NZ (Non Sub Rev)
Xero,Xero AU (Non Sub Revenue)
Xero,Xero UK (Non Sub Rev)
Xero,Xero US - X4X
Xero,Tickstar AB
Xero,Xero Ecosystem Platform Account
Xero,Ecosystem Payment Partners (UK)
Xero,Xero - AU
Xero,Xero - US
Xero,Xero - CA
Xero,Xero - GLB
Xero,Xero - NZ
Xero,Xero - UK
Xero,Xero - SG
Ubiquiti,(BV) UK-PRD-Subscriptions
Ubiquiti,(DIST) UK-PRD-Subscriptions
Ubiquiti,(DIST) UK-PRD-Webstore
Ubiquiti,BRA-PRD-Subscriptions
Ubiquiti,AUS-PRD-Subscriptions
Ubiquiti,CAN-PRD-Subscriptions
Ubiquiti,CAN-PRD-Webstore
Ubiquiti,EU-PRD-Subscriptions
Ubiquiti,EU-NL-Webstore
Ubiquiti,SGP-PRD-Subscriptions
Ubiquiti,MEX-PRD-Subscriptions
Ubiquiti,MEX-Shopify-Webstore
Ubiquiti,UAE-PRD-Webstore
Ubiquiti,SGP-PRD-WEBSTORE
Ubiquiti,US-PRD-Webstore
Ubiquiti,Ui
Ubiquiti,USA-PRD-Subscriptions
Ubiquiti,EU-(ROW)-PRD-Subscriptions
Ubiquiti,UAE-PRD-Subscriptions
Ubiquiti,JPN-PRD-Webstore
Ubiquiti,JPN-PRD-Subscriptions
Ubiquiti,TW-PRD-Subscriptions
Ubiquiti,BRA (BV)-PRD-Subscriptions
Ubiquiti DEV & STG,(DIST) UK-DEV-Subscriptions
Ubiquiti DEV & STG,(DIST) UK-STG-Subcriptions
Ubiquiti DEV & STG,AUS-DEV-Subscriptions
Ubiquiti DEV & STG,AUS-STG-Subscriptions
Ubiquiti DEV & STG,CAN-STG-Subscriptions
Ubiquiti DEV & STG,EU-(ROW)-DEV-Subscriptions
Ubiquiti DEV & STG,EU-(ROW)-STG-Subscriptions
Ubiquiti DEV & STG,JPN-STG-Subscription
Ubiquiti DEV & STG,JPN-DEV-Subscription
Ubiquiti DEV & STG,MEX-DEV-Subscriptions
Ubiquiti DEV & STG,MEX-STG-Subscriptions
Ubiquiti DEV & STG,Professionals LongDEV
Ubiquiti DEV & STG,Professionals Portal DEV
Ubiquiti DEV & STG,Professionals Portal STG
Ubiquiti DEV & STG,SGP-DEV-Subscriptions
Ubiquiti DEV & STG,SGP-STG-Subscriptions
Ubiquiti DEV & STG,UAE-DEV-Subscriptions
Ubiquiti DEV & STG,UAE-STG-Subscriptions
Ubiquiti DEV & STG,UID Dev
Ubiquiti DEV & STG,(BV) UK-DEV-Subscriptions
Ubiquiti DEV & STG,EU-DEV-Subscriptions
Ubiquiti DEV & STG,EU-STG-Subscriptions
Ubiquiti DEV & STG,(BV) UK-STG-Subscriptions
Ubiquiti DEV & STG,USA-DEV-Subscriptions
Ubiquiti DEV & STG,CAN-DEV-Subscriptions
Ubiquiti DEV & STG,USA-STG-Subscriptions
Ubiquiti DEV & STG,TW-STG-Subscriptions
Ubiquiti DEV & STG,TW-DEV-Subscriptions
Ubiquiti DEV & STG,BRA-STG-Subscriptions
Ubiquiti DEV & STG,BRA-DEV-Subscriptions
Ubiquiti DEV & STG,BRA (BV)-DEV-Subscriptions
Ubiquiti DEV & STG,BRA (BV)-STG-Subscriptions
Togetherwork,Protech - Custom
Togetherwork,Togetherwork
Togetherwork,Smartwaiver - Custom
Togetherwork,MassageBook - Custom
Togetherwork,Doubleknot - Custom
Togetherwork,Fonteva - Subscriptions
Togetherwork,Cybergolf - Custom
Togetherwork,Gingr - Subscriptions
Togetherwork,Studio Pro - Subscriptions
Togetherwork,Smartwaiver - Subscriptions
Togetherwork,Studio Pro - Standard
Togetherwork,Acceptd - Standard / Subscriptions
Togetherwork,Bunk1 - Direct
Togetherwork,Softrek - Custom
Togetherwork,Gingr - Custom
Togetherwork,CircuiTree - Custom
Togetherwork,MassageBook - Standard
Togetherwork,Rock Gym Pro - Custom
Togetherwork,Rock Gym Pro - Standard
Togetherwork,DSOA - Direct
Togetherwork,Jackson River - Custom
Togetherwork,ShulCloud - Standard
Togetherwork,Revelation Pets - Custom
Togetherwork,OmegaFi - Custom
Togetherwork,Studio Pro - Custom
Togetherwork,ShulCloud - Custom
Togetherwork,Capturepoint - Custom
Togetherwork,Fonteva - Custom
Togetherwork,My College Audition - Direct
Togetherwork,ShulCloud - Subscriptions
Togetherwork,MassageBook - Subscriptions
Togetherwork,Protech - Subscriptions
Togetherwork,File990 - Direct
Togetherwork,DSOA - Direct (StudioSync)
Togetherwork,Revelation Pets - Subscriptions
Togetherwork,Rock Gym Pro - Subscriptions
Togetherwork,PetExec - Standard
Vocento,ABC - Suscripciones
Vocento,Canarias7 - Suscripciones
Vocento,ABC de Sevilla - Suscripciones
Vocento,Diario Sur - Suscripciones
Vocento,El Comercio - Suscripciones
Vocento,El Correo - Suscripciones
Vocento,El Diario Montañés - Suscripciones
Vocento,El Norte de Castilla - Suscripciones
Vocento,Diario Vasco - Suscripciones
Vocento,Hoy - Suscripciones
Vocento,Ideal - Suscripciones
Vocento,La Rioja - Suscripciones
Vocento,La Verdad - Suscripciones
Vocento,Las Provincias - Suscripciones
Vocento,El Correo - Tienda Promociones
Vocento,Diario Vasco - Tienda Promociones
Vocento,ABC - Tienda Archivo
Vocento,La Voz Digital - Oferplan
Vocento,LDK - Clasificados
Vocento,La Gaceta de Salamanca - Oferplan
Vocento,La Voz de Galicia - Oferplan
Vocento,El Correo - Oferplan
Vocento,El Norte de Castilla - Oferplan
Vocento,Las Provincias - Oferplan
Vocento,Diario Vasco - Oferplan
Vocento,Leonoticias - Oferplan
Vocento,La Verdad - Oferplan
Vocento,La Rioja - Oferplan
Vocento,ABC de Sevilla - Oferplan
Vocento,ABC - Oferplan
Vocento,Diario Sur - Oferplan
Vocento,El Comercio - Oferplan
Vocento,El Diario Montañés - Oferplan
Vocento,Hoy - Oferplan
Vocento,Ideal - Oferplan
Vocento,Relevo - Tienda
Vocento,Las Provincias - ProBrand
Vocento,Gigbro - SoD
Vocento,La Verdad - ProBrand
Frasers Group,18montrose
Frasers Group,ace.co.uk
Frasers Group,Amara
Frasers Group,Evans Cycles
Frasers Group,Chainreactioncycles
Frasers Group,Cruise Fashion
Frasers Group,Everlast Gyms
Frasers Group,Flannels
Frasers Group,Frasers X
Frasers Group,Frasers.Com
Frasers Group,Game.co.uk
Frasers Group,House of Fraser
Frasers Group,Isawitfirst
Frasers Group,I Saw It First X
Frasers Group,Lillywhites
Frasers Group,Jack Wills
Frasers Group,Matchesfashion
Frasers Group,Missguided
Frasers Group,Scotts menswear
Frasers Group,sg.sportsdirect
Frasers Group,Sports Direct
Frasers Group,Sneakerboy
Frasers Group,Sports Direct Malaysia
Frasers Group,Sportsdirect.com (US)
Frasers Group,studio.co.uk
Frasers Group,USC
Frasers Group,Van Mildert
Frasers Group,Watchshop
Frasers Group,Wiggle
Frasers Group,Ted Baker
Frasers Group,USC X
Frasers Group,Slazenger Padel Club
Frasers Group,Cruise Fashion X
Frasers Group,Jack Wills X
Frasers Group,House of Frasers X
Frasers Group,Coggles
Frasers Group,Ebuyer
Frasers Group,Flannels X
Frasers Group,Arctic Army
Frasers Group,Agent Provocateur
Frasers Group,Pretty Green
Frasers Group,Albam
Frasers Group,Velvet Tees
